352	IS	ISL	Iceland	アイスランド
372	IE	IRL	Ireland	アイルランド
031	AZ	AZE	Azerbaijan	アゼルバイジャン
004	AF	AFG	Afghanistan	アフガニスタン
840	US	USA	United States	アメリカ合衆国
850	VI	VIR	Virgin Islands, U.S.	アメリカ領ヴァージン諸島
016	AS	ASM	American Samoa	アメリカ領サモア
784	AE	ARE	United Arab Emirates	アラブ首長国連邦
012	DZ	DZA	Algeria	アルジェリア
032	AR	ARG	Argentina	アルゼンチン
533	AW	ABW	Aruba	アルバ
008	AL	ALB	Albania	アルバニア
051	AM	ARM	Armenia	アルメニア
660	AI	AIA	Anguilla	アンギラ
024	AO	AGO	Angola	アンゴラ
028	AG	ATG	Antigua and Barbuda	アンティグア・バーブーダ
020	AD	AND	Andorra	アンドラ
887	YE	YEM	Yemen	イエメン
826	GB	GBR	United Kingdom	イギリス
086	IO	IOT	British Indian Ocean Territory	イギリス領インド洋地域
092	VG	VGB	Virgin Islands, British	イギリス領ヴァージン諸島
376	IL	ISR	Israel	イスラエル
380	IT	ITA	Italy	イタリア
368	IQ	IRQ	Iraq	イラク
364	IR	IRN	Iran, Islamic Republic of	イラン・イスラム共和国
356	IN	IND	India	インド
360	ID	IDN	Indonesia	インドネシア
876	WF	WLF	Wallis and Futuna	ウォリス・フツナ
800	UG	UGA	Uganda	ウガンダ
804	UA	UKR	Ukraine	ウクライナ
860	UZ	UZB	Uzbekistan	ウズベキスタン
858	UY	URY	Uruguay	ウルグアイ
218	EC	ECU	Ecuador	エクアドル
818	EG	EGY	Egypt	エジプト
233	EE	EST	Estonia	エストニア
231	ET	ETH	Ethiopia	エチオピア
232	ER	ERI	Eritrea	エリトリア
222	SV	SLV	El Salvador	エルサルバドル
036	AU	AUS	Australia	オーストラリア
040	AT	AUT	Austria	オーストリア
248	AX	ALA	Aland Islands	オーランド諸島
512	OM	OMN	Oman	オマーン
528	NL	NLD	Netherlands	オランダ
288	GH	GHA	Ghana	ガーナ
132	CV	CPV	Cape Verde	カーボベルデ
831	GG	GGY	Guernsey	ガーンジー
328	GY	GUY	Guyana	ガイアナ
398	KZ	KAZ	Kazakhstan	カザフスタン
634	QA	QAT	Qatar	カタール
581	UM	UMI	United States Minor Outlying Islands	合衆国領有小離島
124	CA	CAN	Canada	カナダ
266	GA	GAB	Gabon	ガボン
120	CM	CMR	Cameroon	カメルーン
270	GM	GMB	Gambia	ガンビア
116	KH	KHM	Cambodia	カンボジア
580	MP	MNP	Northern Mariana Islands	北マリアナ諸島
324	GN	GIN	Guinea	ギニア
624	GW	GNB	Guinea-Bissau	ギニアビサウ
196	CY	CYP	Cyprus	キプロス
192	CU	CUB	Cuba	キューバ
531	CW	CUW	Curacao	キュラソー
300	GR	GRC	Greece	ギリシャ
296	KI	KIR	Kiribati	キリバス
417	KG	KGZ	Kyrgyzstan	キルギス
320	GT	GTM	Guatemala	グアテマラ
312	GP	GLP	Guadeloupe	グアドループ
316	GU	GUM	Guam	グアム
414	KW	KWT	Kuwait	クウェート
184	CK	COK	Cook Islands	クック諸島
304	GL	GRL	Greenland	グリーンランド
162	CX	CXR	Christmas Island	クリスマス島
268	GE	GEO	Georgia	グルジア
308	GD	GRD	Grenada	グレナダ
191	HR	HRV	Croatia	クロアチア
136	KY	CYM	Cayman Islands	ケイマン諸島
404	KE	KEN	Kenya	ケニア
384	CI	CIV	Cote d'Ivoire	コートジボワール
166	CC	CCK	Cocos (Keeling) Islands	ココス（キーリング）諸島
188	CR	CRI	Costa Rica	コスタリカ
174	KM	COM	Comoros	コモロ
170	CO	COL	Colombia	コロンビア
178	CG	COG	Congo	コンゴ共和国
180	CD	COD	Congo, the Democratic Republic of the	コンゴ民主共和国
682	SA	SAU	Saudi Arabia	サウジアラビア
239	GS	SGS	South Georgia and the South Sandwich Islands	サウスジョージア・サウスサンドウィッチ諸島
882	WS	WSM	Samoa	サモア
678	ST	STP	Sao Tome and Principe	サントメ・プリンシペ
652	BL	BLM	Saint Barthelemy	サン・バルテルミー
894	ZM	ZMB	Zambia	ザンビア
666	PM	SPM	Saint Pierre and Miquelon	サンピエール島・ミクロン島
674	SM	SMR	San Marino	サンマリノ
663	MF	MAF	Saint Martin (French part)	サン・マルタン（フランス領）
694	SL	SLE	Sierra Leone	シエラレオネ
262	DJ	DJI	Djibouti	ジブチ
292	GI	GIB	Gibraltar	ジブラルタル
832	JE	JEY	Jersey	ジャージー
388	JM	JAM	Jamaica	ジャマイカ
760	SY	SYR	Syrian Arab Republic	シリア・アラブ共和国
702	SG	SGP	Singapore	シンガポール
534	SX	SXM	Sint Maarten (Dutch part)	シント・マールテン（オランダ領）
716	ZW	ZWE	Zimbabwe	ジンバブエ
756	CH	CHE	Switzerland	スイス
752	SE	SWE	Sweden	スウェーデン
729	SD	SDN	Sudan	スーダン
744	SJ	SJM	Svalbard and Jan Mayen	スヴァールバル諸島およびヤンマイエン島
724	ES	ESP	Spain	スペイン
740	SR	SUR	Suriname	スリナム
144	LK	LKA	Sri Lanka	スリランカ
703	SK	SVK	Slovakia	スロバキア
705	SI	SVN	Slovenia	スロベニア
748	SZ	SWZ	Swaziland	スワジランド
690	SC	SYC	Seychelles	セーシェル
226	GQ	GNQ	Equatorial Guinea	赤道ギニア
686	SN	SEN	Senegal	セネガル
688	RS	SRB	Serbia	セルビア
659	KN	KNA	Saint Kitts and Nevis	セントクリストファー・ネイビス
670	VC	VCT	Saint Vincent and the Grenadines	セントビンセントおよびグレナディーン諸島
654	SH	SHN	Saint Helena, Ascension and Tristan da Cunha	セントヘレナ・アセンションおよびトリスタンダクーニャ
662	LC	LCA	Saint Lucia	セントルシア
706	SO	SOM	Somalia	ソマリア
090	SB	SLB	Solomon Islands	ソロモン諸島
796	TC	TCA	Turks and Caicos Islands	タークス・カイコス諸島
764	TH	THA	Thailand	タイ
410	KR	KOR	Korea, Republic of	大韓民国
158	TW	TWN	Taiwan, Province of China	台湾（台湾省/中華民国）
762	TJ	TJK	Tajikistan	タジキスタン
834	TZ	TZA	Tanzania, United Republic of	タンザニア
203	CZ	CZE	Czech Republic	チェコ
148	TD	TCD	Chad	チャド
140	CF	CAF	Central African Republic	中央アフリカ共和国
156	CN	CHN	China	中華人民共和国
788	TN	TUN	Tunisia	チュニジア
408	KP	PRK	Korea, Democratic People's Republic of	朝鮮民主主義人民共和国
152	CL	CHL	Chile	チリ
798	TV	TUV	Tuvalu	ツバル
208	DK	DNK	Denmark	デンマーク
276	DE	DEU	Germany	ドイツ
768	TG	TGO	Togo	トーゴ
772	TK	TKL	Tokelau	トケラウ
214	DO	DOM	Dominican Republic	ドミニカ共和国
212	DM	DMA	Dominica	ドミニカ国
780	TT	TTO	Trinidad and Tobago	トリニダード・トバゴ
795	TM	TKM	Turkmenistan	トルクメニスタン
792	TR	TUR	Turkey	トルコ
776	TO	TON	Tonga	トンガ
566	NG	NGA	Nigeria	ナイジェリア
520	NR	NRU	Nauru	ナウル
516	NA	NAM	Namibia	ナミビア
010	AQ	ATA	Antarctica	南極
570	NU	NIU	Niue	ニウエ
558	NI	NIC	Nicaragua	ニカラグア
562	NE	NER	Niger	ニジェール
392	JP	JPN	Japan	日本
732	EH	ESH	Western Sahara	西サハラ
540	NC	NCL	New Caledonia	ニューカレドニア
554	NZ	NZL	New Zealand	ニュージーランド
524	NP	NPL	Nepal	ネパール
574	NF	NFK	Norfolk Island	ノーフォーク島
578	NO	NOR	Norway	ノルウェー
334	HM	HMD	Heard Island and McDonald Islands	ハード島とマクドナルド諸島
048	BH	BHR	Bahrain	バーレーン
332	HT	HTI	Haiti	ハイチ
586	PK	PAK	Pakistan	パキスタン
336	VA	VAT	Holy See (Vatican City State)	バチカン市国
591	PA	PAN	Panama	パナマ
548	VU	VUT	Vanuatu	バヌアツ
044	BS	BHS	Bahamas	バハマ
598	PG	PNG	Papua New Guinea	パプアニューギニア
060	BM	BMU	Bermuda	バミューダ
585	PW	PLW	Palau	パラオ
600	PY	PRY	Paraguay	パラグアイ
052	BB	BRB	Barbados	バルバドス
275	PS	PSE	Palestinian Territory, Occupied	パレスチナ
348	HU	HUN	Hungary	ハンガリー
050	BD	BGD	Bangladesh	バングラデシュ
626	TL	TLS	Timor-Leste	東ティモール
612	PN	PCN	Pitcairn	ピトケアン
242	FJ	FJI	Fiji	フィジー
608	PH	PHL	Philippines	フィリピン
246	FI	FIN	Finland	フィンランド
064	BT	BTN	Bhutan	ブータン
074	BV	BVT	Bouvet Island	ブーベ島
630	PR	PRI	Puerto Rico	プエルトリコ
234	FO	FRO	Faroe Islands	フェロー諸島
238	FK	FLK	Falkland Islands (Malvinas)	フォークランド（マルビナス）諸島
076	BR	BRA	Brazil	ブラジル
250	FR	FRA	France	フランス
254	GF	GUF	French Guiana	フランス領ギアナ
258	PF	PYF	French Polynesia	フランス領ポリネシア
260	TF	ATF	French Southern Territories	フランス領南方・南極地域
100	BG	BGR	Bulgaria	ブルガリア
854	BF	BFA	Burkina Faso	ブルキナファソ
096	BN	BRN	Brunei Darussalam	ブルネイ・ダルサラーム
108	BI	BDI	Burundi	ブルンジ
704	VN	VNM	Viet Nam	ベトナム
204	BJ	BEN	Benin	ベナン
862	VE	VEN	Venezuela, Bolivarian Republic of	ベネズエラ・ボリバル共和国
112	BY	BLR	Belarus	ベラルーシ
084	BZ	BLZ	Belize	ベリーズ
604	PE	PER	Peru	ペルー
056	BE	BEL	Belgium	ベルギー
616	PL	POL	Poland	ポーランド
070	BA	BIH	Bosnia and Herzegovina	ボスニア・ヘルツェゴビナ
072	BW	BWA	Botswana	ボツワナ
535	BQ	BES	Bonaire, Saint Eustatius and Saba	ボネール、シント・ユースタティウスおよびサバ
068	BO	BOL	Bolivia, Plurinational State of	ボリビア多民族国
620	PT	PRT	Portugal	ポルトガル
344	HK	HKG	Hong Kong	香港
340	HN	HND	Honduras	ホンジュラス
584	MH	MHL	Marshall Islands	マーシャル諸島
446	MO	MAC	Macao	マカオ
807	MK	MKD	Macedonia, the former Yugoslav Republic of	マケドニア旧ユーゴスラビア共和国
450	MG	MDG	Madagascar	マダガスカル
175	YT	MYT	Mayotte	マヨット
454	MW	MWI	Malawi	マラウイ
466	ML	MLI	Mali	マリ
470	MT	MLT	Malta	マルタ
474	MQ	MTQ	Martinique	マルティニーク
458	MY	MYS	Malaysia	マレーシア
833	IM	IMN	Isle of Man	マン島
583	FM	FSM	Micronesia, Federated States of	ミクロネシア連邦
710	ZA	ZAF	South Africa	南アフリカ
728	SS	SSD	South Sudan	南スーダン
104	MM	MMR	Myanmar	ミャンマー
484	MX	MEX	Mexico	メキシコ
480	MU	MUS	Mauritius	モーリシャス
478	MR	MRT	Mauritania	モーリタニア
508	MZ	MOZ	Mozambique	モザンビーク
492	MC	MCO	Monaco	モナコ
462	MV	MDV	Maldives	モルディブ
498	MD	MDA	Moldova, Republic of	モルドバ共和国
504	MA	MAR	Morocco	モロッコ
496	MN	MNG	Mongolia	モンゴル
499	ME	MNE	Montenegro	モンテネグロ
500	MS	MSR	Montserrat	モントセラト
400	JO	JOR	Jordan	ヨルダン
418	LA	LAO	Lao People's Democratic Republic	ラオス人民民主共和国
428	LV	LVA	Latvia	ラトビア
440	LT	LTU	Lithuania	リトアニア
434	LY	LBY	Libya	リビア
438	LI	LIE	Liechtenstein	リヒテンシュタイン
430	LR	LBR	Liberia	リベリア
642	RO	ROU	Romania	ルーマニア
442	LU	LUX	Luxembourg	ルクセンブルク
646	RW	RWA	Rwanda	ルワンダ
426	LS	LSO	Lesotho	レソト
422	LB	LBN	Lebanon	レバノン
638	RE	REU	Reunion	レユニオン
643	RU	RUS	Russian Federation	ロシア連邦
